{
	"id": "ready-set-roll-5e",
	"title": "Ready Set Roll for D&D5e",
	"description": "This module overhauls rolls for the D&D 5e system in the style of BetterRolls5e.",
	"version": "2.1.3b",
	"compatibility": {
		"minimum": "10",
		"verified": "10"
	},
	"authors": [
		{
			"name": "Mangó",
			"discord": "Mangó#8639"
		}
	],
	"esmodules": [
		"./lib/libWrapper/shim.js",
		"./src/ready-set-roll.js",		
		"./src/module/config.js"
	],
	"styles": [
		"./css/ready-set-roll.css"
	],
	"languages": [
		{
			"lang": "en",
			"name": "English",
			"path": "lang/en.json"
		},
		{
			"lang": "pt-BR",
			"name": "Português (Brasil)",
			"path": "lang/pt-BR.json"
		}
	],
	"relationships": {
		"systems": [
			{
				"id": "dnd5e",
				"type": "system",
				"manifest": "https://raw.githubusercontent.com/foundryvtt/dnd5e/master/system.json",
				"compatibility": {
					"minimum": "2.2.0",
					"verified": "2.4.0"
				}
			}
		],
		"requires": [
			{
				"id": "lib-wrapper",
				"type": "module",
				"compatibility": {
					"minimum": "1.0.0.0",
					"verified": "1.12.11.0"
				}
			}
		]
	},
	"url": "https://github.com/Regateiro/fvtt-ready-set-roll-5e",
	"manifest": "https://raw.githubusercontent.com/Regateiro/fvtt-ready-set-roll-5e/hotfix/module.json",
	"download": "https://raw.githubusercontent.com/Regateiro/fvtt-ready-set-roll-5e/hotfix/releases/rsr5e-release-2.1.3b.zip",
	"bugs": "https://github.com/Regateiro/fvtt-ready-set-roll-5e/issues",
	"readme": "https://github.com/Regateiro/fvtt-ready-set-roll-5e/blob/master/README.md"
}